ID,Pred
2021_1101_1104,0.14535674439678162
2021_1101_1111,0.02556969523803677
2021_1101_1116,0.09057397116967021
2021_1101_1124,0.17905585906809968
2021_1101_1140,0.6284010789862768
2021_1101_1155,0.07356385644535071
2021_1101_1156,0.07410451973090747
2021_1101_1159,0.5470054179818719
2021_1101_1160,0.01469862585855965
2021_1101_1163,0.7526982104403065
2021_1101_1166,0.12978870612464302
2021_1101_1179,0.044573499092746396
2021_1101_1180,0.6033795774223005
2021_1101_1186,0.30690474255305306
2021_1101_1196,0.015494142153001603
2021_1101_1199,0.032368541588135284
2021_1101_1207,0.7883317399766
2021_1101_1210,0.056820724263197786
2021_1101_1211,0.059258425662105776
2021_1101_1213,0.04752155007515812
2021_1101_1216,0.05834364261624239
2021_1101_1222,0.02450359310479797
2021_1101_1228,0.2867221034094504
2021_1101_1233,0.07880985551752392
2021_1101_1234,0.05150665930291791
2021_1101_1242,0.1022204188945323
2021_1101_1251,0.06845881845601577
2021_1101_1260,0.016541432360157243
2021_1101_1261,0.013414933914102672
2021_1101_1268,0.08849096583604008
2021_1101_1276,0.12864617887519442
2021_1101_1277,0.06760858715213702
2021_1101_1281,0.5164042124089399
2021_1101_1287,0.2002520540260916
2021_1101_1291,0.6602579649145568
2021_1101_1313,0.4163817115608146
2021_1101_1314,0.9003178307725112
2021_1101_1317,0.10170246301431661
2021_1101_1325,0.22100067403901444
2021_1101_1326,0.021025981875017245
2021_1101_1328,0.30938609411253193
2021_1101_1329,0.135432906209583
2021_1101_1331,0.09589428015538363
2021_1101_1332,0.3700366818877355
2021_1101_1333,0.11258655656715592
2021_1101_1345,0.715953539396425
2021_1101_1353,0.024734767779467433
2021_1101_1361,0.18202455080990526
2021_1101_1364,0.19183480919963103
2021_1101_1382,0.38691835654293505
2021_1101_1393,0.13633658386608422
2021_1101_1397,0.1514592780828723
2021_1101_1400,0.1716256860302164
2021_1101_1403,0.027759071506538422
2021_1101_1411,0.016541432360157243
2021_1101_1417,0.301372041728059
2021_1101_1422,0.10088034857704964
2021_1101_1425,0.17335554182636256
2021_1101_1429,0.2286949975244299
2021_1101_1433,0.3714577316679072
2021_1101_1437,0.07035229233375524
2021_1101_1438,0.007569146519293136
2021_1101_1439,0.029810582762480033
2021_1101_1452,0.1331718987102536
2021_1101_1455,0.05675170523296514
2021_1101_1457,0.06631340819974868
2021_1101_1458,0.2722920653176099
2021_1104_1111,0.14383258529809773
2021_1104_1116,0.3354785147932387
2021_1104_1124,0.5778861940945185
2021_1104_1140,0.8435075689286996
2021_1104_1155,0.23543027977532544
2021_1104_1156,0.3329005717542631
2021_1104_1159,0.853948840697737
2021_1104_1160,0.07001037085471543
2021_1104_1163,0.9437076767212534
2021_1104_1166,0.4140378644821854
2021_1104_1179,0.19284100062061765
2021_1104_1180,0.8799874193019106
2021_1104_1186,0.6882467149163403
2021_1104_1196,0.06137552600707825
2021_1104_1199,0.1900416391576037
2021_1104_1207,0.9368295095305144
2021_1104_1210,0.3102568304888442
2021_1104_1211,0.25596366997594344
2021_1104_1213,0.189669507299158
2021_1104_1216,0.2317285370309607
2021_1104_1222,0.10446861915343233
2021_1104_1228,0.6938256324045228
2021_1104_1233,0.3721946046408936
2021_1104_1234,0.21244522827101434
2021_1104_1242,0.38197814244135864
2021_1104_1251,0.2948813533420351
2021_1104_1260,0.11596213582132633
2021_1104_1261,0.07897771182038969
2021_1104_1268,0.30678063295546687
2021_1104_1276,0.45640171723033546
2021_1104_1277,0.2728440513945778
2021_1104_1281,0.8481919347264288
2021_1104_1287,0.5523879381373082
2021_1104_1291,0.9333371256187825
2021_1104_1313,0.7876802064954614
2021_1104_1314,0.9800608742059581
2021_1104_1317,0.37044517921083586
2021_1104_1325,0.5646173554582868
2021_1104_1326,0.10074651880067738
2021_1104_1328,0.6742548373306672
2021_1104_1329,0.37245235423304446
2021_1104_1331,0.322899727788887
2021_1104_1332,0.701232992923722
2021_1104_1333,0.4259359591712103
2021_1104_1345,0.9274072268973529
2021_1104_1353,0.1102983037248105
2021_1104_1361,0.5182407183073487
2021_1104_1364,0.6118057821045388
2021_1104_1382,0.6741072894653032
2021_1104_1393,0.4439896637988153
2021_1104_1397,0.43905080096907506
2021_1104_1400,0.543668964416028
2021_1104_1403,0.11119673782067245
2021_1104_1411,0.09291832535213157
2021_1104_1417,0.6553205791058224
2021_1104_1422,0.41237950223494807
2021_1104_1425,0.4957592461980163
2021_1104_1429,0.5085505481070481
2021_1104_1433,0.7160393287283778
2021_1104_1437,0.3159408402806879
2021_1104_1438,0.03818251744533292
2021_1104_1439,0.17471278894291417
2021_1104_1452,0.39911333606873467
2021_1104_1455,0.2678893418492997
2021_1104_1457,0.2555935060572638
2021_1104_1458,0.6392216513679423
2021_1111_1116,0.8023762582608638
2021_1111_1124,0.8995087483735432
2021_1111_1140,0.9817655619472412
2021_1111_1155,0.7446428600868178
2021_1111_1156,0.6774257064323057
2021_1111_1159,0.9738328499428217
2021_1111_1160,0.29743547444313806
2021_1111_1163,0.9880991494525346
2021_1111_1166,0.7624378141536469
2021_1111_1179,0.5359144680536538
2021_1111_1180,0.9753752504607103
2021_1111_1186,0.9398613169868121
2021_1111_1196,0.34836288445965086
2021_1111_1199,0.5896130663362174
2021_1111_1207,0.9882137099440921
2021_1111_1210,0.6799783539340712
2021_1111_1211,0.6895330812365458
2021_1111_1213,0.5247707747995277
2021_1111_1216,0.565802524280816
2021_1111_1222,0.37518521241552844
2021_1111_1228,0.9234988518115337
2021_1111_1233,0.7461862495825176
2021_1111_1234,0.5686564318221354
2021_1111_1242,0.7554644847061359
2021_1111_1251,0.67304838053904
2021_1111_1260,0.3913852310646032
2021_1111_1261,0.3181784090785785
2021_1111_1268,0.6988288441115105
2021_1111_1276,0.8100785214840258
2021_1111_1277,0.6931170658373841
2021_1111_1281,0.9666172856063561
2021_1111_1287,0.8399920892542332
2021_1111_1291,0.9850727183807062
2021_1111_1313,0.9584611708163486
2021_1111_1314,0.9936493980799482
2021_1111_1317,0.8043750467235634
2021_1111_1325,0.8822369280674547
2021_1111_1326,0.3856684493080635
2021_1111_1328,0.9407587684011873
2021_1111_1329,0.7676633398878958
2021_1111_1331,0.7016054605125188
2021_1111_1332,0.9483058703294706
2021_1111_1333,0.7947896301445277
2021_1111_1345,0.9905395720289619
2021_1111_1353,0.4643489288439548
2021_1111_1361,0.8387895692414852
2021_1111_1364,0.8958255814272447
2021_1111_1382,0.9485499603783867
2021_1111_1393,0.8388782176204439
2021_1111_1397,0.7949620848510085
2021_1111_1400,0.9025120911364871
2021_1111_1403,0.4088272672330624
2021_1111_1411,0.3343497074038421
2021_1111_1417,0.9017649065404242
2021_1111_1422,0.7695284359474872
2021_1111_1425,0.8512740100017824
2021_1111_1429,0.8752010549795729
2021_1111_1433,0.9379229175947822
2021_1111_1437,0.7253965075356054
2021_1111_1438,0.21343208948933115
2021_1111_1439,0.5437976984054881
2021_1111_1452,0.7542001196215922
2021_1111_1455,0.5946148240879597
2021_1111_1457,0.731795704209049
2021_1111_1458,0.9307437745212124
2021_1116_1124,0.7158392477432097
2021_1116_1140,0.9286872442463551
2021_1116_1155,0.4385574086194184
2021_1116_1156,0.41261157428646134
2021_1116_1159,0.9053396664204864
2021_1116_1160,0.14266200721525368
2021_1116_1163,0.9570661090009884
2021_1116_1166,0.5156385723756189
2021_1116_1179,0.23631548569882532
2021_1116_1180,0.9238411076133484
2021_1116_1186,0.861050954889683
2021_1116_1196,0.1262521359149822
2021_1116_1199,0.2645058820799459
2021_1116_1207,0.9562596181595818
2021_1116_1210,0.40504460251288865
2021_1116_1211,0.36162884521143807
2021_1116_1213,0.26631060918828997
2021_1116_1216,0.2940951623870836
2021_1116_1222,0.18543430243121864
2021_1116_1228,0.7630502773175721
2021_1116_1233,0.5152533584271658
2021_1116_1234,0.31112142765918266
2021_1116_1242,0.46976322898735207
2021_1116_1251,0.4075284971338282
2021_1116_1260,0.15447010886481558
2021_1116_1261,0.137278055742253
2021_1116_1268,0.41379287833768835
2021_1116_1276,0.5990412690289443
2021_1116_1277,0.42284139731189885
2021_1116_1281,0.898050814211879
2021_1116_1287,0.6871942522020685
2021_1116_1291,0.9528134235707533
2021_1116_1313,0.8771779992651614
2021_1116_1314,0.9908559774504774
2021_1116_1317,0.567851704843811
2021_1116_1325,0.6840627426594668
2021_1116_1326,0.193207437492525
2021_1116_1328,0.848329541439526
2021_1116_1329,0.5090658047499259
2021_1116_1331,0.4688262284989341
2021_1116_1332,0.8503582495325225
2021_1116_1333,0.5646491864483314
2021_1116_1345,0.9644636532629262
2021_1116_1353,0.20861643460500504
2021_1116_1361,0.6317313824925589
2021_1116_1364,0.6701226062427439
2021_1116_1382,0.8338085927124262
2021_1116_1393,0.6085089787544257
2021_1116_1397,0.5206381354872736
2021_1116_1400,0.6970479062561846
2021_1116_1403,0.17834871544031988
2021_1116_1411,0.09798122784521693
2021_1116_1417,0.7463137669616581
2021_1116_1422,0.4833712509158316
2021_1116_1425,0.6659072117605164
2021_1116_1429,0.7390304779367497
2021_1116_1433,0.8049098753930252
2021_1116_1437,0.39092893862430717
2021_1116_1438,0.06577954810981641
2021_1116_1439,0.29228390342749017
2021_1116_1452,0.5545626618657785
2021_1116_1455,0.35008365065149866
2021_1116_1457,0.5064628076853699
2021_1116_1458,0.7988942405655329
2021_1124_1140,0.856815718285393
2021_1124_1155,0.22368729873579
2021_1124_1156,0.24716748062968882
2021_1124_1159,0.8006763779785019
2021_1124_1160,0.0644454177917122
2021_1124_1163,0.9250541505693655
2021_1124_1166,0.3123452054408123
2021_1124_1179,0.13954939948872408
2021_1124_1180,0.809753913016045
2021_1124_1186,0.6406578236809714
2021_1124_1196,0.06649999097069287
2021_1124_1199,0.15005530228250896
2021_1124_1207,0.9112873413507829
2021_1124_1210,0.2352795914228918
2021_1124_1211,0.19876355906286583
2021_1124_1213,0.13572746138609523
2021_1124_1216,0.1806093298141696
2021_1124_1222,0.07871378514587675
2021_1124_1228,0.5881693618507612
2021_1124_1233,0.27320686068304034
2021_1124_1234,0.1917923148396467
2021_1124_1242,0.30959987404023726
2021_1124_1251,0.21942442146939886
2021_1124_1260,0.05102022298226577
2021_1124_1261,0.047572545251409186
2021_1124_1268,0.23877106570023873
2021_1124_1276,0.39092969778956727
2021_1124_1277,0.25720447916709355
2021_1124_1281,0.7438381335360835
2021_1124_1287,0.4335925386809338
2021_1124_1291,0.8669058167360157
2021_1124_1313,0.7180014053821513
2021_1124_1314,0.9846539281796587
2021_1124_1317,0.31705977221360004
2021_1124_1325,0.4541498650918403
2021_1124_1326,0.08878323667441716
2021_1124_1328,0.6355286970948176
2021_1124_1329,0.29131212591873695
2021_1124_1331,0.25435929168355886
2021_1124_1332,0.7212067161267124
2021_1124_1333,0.37397290383481596
2021_1124_1345,0.9104566115923123
2021_1124_1353,0.08304464952195556
2021_1124_1361,0.4381943125707485
2021_1124_1364,0.5658331018224885
2021_1124_1382,0.7029496188779771
2021_1124_1393,0.44094416679091536
2021_1124_1397,0.36142345450903124
2021_1124_1400,0.48607544833551275
2021_1124_1403,0.09515256992988552
2021_1124_1411,0.04920140829733981
2021_1124_1417,0.5081671320260948
2021_1124_1422,0.331149519844009
2021_1124_1425,0.43608563339300677
2021_1124_1429,0.4995805775899618
2021_1124_1433,0.6078600395903806
2021_1124_1437,0.26458883255687776
2021_1124_1438,0.024715850907796863
2021_1124_1439,0.14893324793009177
2021_1124_1452,0.3099862377284561
2021_1124_1455,0.16435039373153296
2021_1124_1457,0.28774337420078594
2021_1124_1458,0.6036297911187596
2021_1140_1155,0.06338325126902267
2021_1140_1156,0.07150923164803814
2021_1140_1159,0.44007739069754687
2021_1140_1160,0.009975292182722409
2021_1140_1163,0.6916219774588506
2021_1140_1166,0.07253491311111153
2021_1140_1179,0.032845747251128425
2021_1140_1180,0.49021432550388844
2021_1140_1186,0.301339814247562
2021_1140_1196,0.022888410235134913
2021_1140_1199,0.03179317664299003
2021_1140_1207,0.68481578916836
2021_1140_1210,0.05005226137936041
2021_1140_1211,0.03152609791752174
2021_1140_1213,0.027126020329715454
2021_1140_1216,0.050822461066308305
2021_1140_1222,0.014414579596999542
2021_1140_1228,0.234953568254037
2021_1140_1233,0.055053898894916686
2021_1140_1234,0.03797915437107105
2021_1140_1242,0.09531650427868402
2021_1140_1251,0.048345099786979505
2021_1140_1260,0.009032869101742691
2021_1140_1261,0.010215412962701518
2021_1140_1268,0.05378676625187474
2021_1140_1276,0.1175465569711819
2021_1140_1277,0.0486351976621653
2021_1140_1281,0.41245295822909406
2021_1140_1287,0.14354951096992863
2021_1140_1291,0.6222344135051691
2021_1140_1313,0.32185695859601954
2021_1140_1314,0.9095012672778916
2021_1140_1317,0.09682206937112164
2021_1140_1325,0.16111103970411755
2021_1140_1326,0.014099548253085627
2021_1140_1328,0.26266055227525514
2021_1140_1329,0.07160092901378746
2021_1140_1331,0.06303374891364143
2021_1140_1332,0.3721721143511682
2021_1140_1333,0.11627015721055875
2021_1140_1345,0.6910651364664983
2021_1140_1353,0.019263852836749914
2021_1140_1361,0.14873579036213821
2021_1140_1364,0.21323396336537292
2021_1140_1382,0.3547226832049442
2021_1140_1393,0.13780844891351343
2021_1140_1397,0.10578073537623588
2021_1140_1400,0.1693580715403502
2021_1140_1403,0.024988133123723787
2021_1140_1411,0.009184540346069634
2021_1140_1417,0.2018010368062215
2021_1140_1422,0.08787234876232212
2021_1140_1425,0.14106731229995526
2021_1140_1429,0.1984569376920122
2021_1140_1433,0.3020577344638547
2021_1140_1437,0.060064157350654054
2021_1140_1438,0.006925344196358293
2021_1140_1439,0.024458504841537367
2021_1140_1452,0.11733512277432306
2021_1140_1455,0.03373484617867898
2021_1140_1457,0.06015992118524978
2021_1140_1458,0.24781542634969536
2021_1155_1156,0.5498793749475409
2021_1155_1159,0.920950831941182
2021_1155_1160,0.1646497125224719
2021_1155_1163,0.9747566719425662
2021_1155_1166,0.5798695985424679
2021_1155_1179,0.35792233800431683
2021_1155_1180,0.9406723722595247
2021_1155_1186,0.8213758297868
2021_1155_1196,0.1750636173574833
2021_1155_1199,0.3696584754270993
2021_1155_1207,0.9704552128358982
2021_1155_1210,0.534293051735354
2021_1155_1211,0.4668723815190483
2021_1155_1213,0.3752384161141991
2021_1155_1216,0.38382931021712474
2021_1155_1222,0.28270670716491436
2021_1155_1228,0.8184675024970351
2021_1155_1233,0.5579855938261119
2021_1155_1234,0.44083096118448595
2021_1155_1242,0.6352986125080293
2021_1155_1251,0.5439216143526292
2021_1155_1260,0.23348437733610167
2021_1155_1261,0.1649234961256955
2021_1155_1268,0.48315921071561896
2021_1155_1276,0.7119874316223177
2021_1155_1277,0.5410533133480383
2021_1155_1281,0.9239223610349313
2021_1155_1287,0.7331257491409842
2021_1155_1291,0.9492457664891049
2021_1155_1313,0.8739432939120647
2021_1155_1314,0.9934360170784388
2021_1155_1317,0.5890561563011999
2021_1155_1325,0.7503356493417598
2021_1155_1326,0.2527479842742758
2021_1155_1328,0.8336316616527224
2021_1155_1329,0.5903372523798343
2021_1155_1331,0.5550695014623974
2021_1155_1332,0.8688331585647343
2021_1155_1333,0.6541270925350132
2021_1155_1345,0.978276438099376
2021_1155_1353,0.24690681353695412
2021_1155_1361,0.7152271254809466
2021_1155_1364,0.786224061034842
2021_1155_1382,0.8360403287498177
2021_1155_1393,0.6671088870080096
2021_1155_1397,0.6427870822915778
2021_1155_1400,0.7507896656864791
2021_1155_1403,0.2772368357589524
2021_1155_1411,0.1972626793523437
2021_1155_1417,0.7965993901081755
2021_1155_1422,0.630303599738685
2021_1155_1425,0.6808498046982996
2021_1155_1429,0.71092290845582
2021_1155_1433,0.8738482098867725
2021_1155_1437,0.5455287371776223
2021_1155_1438,0.08850595793723734
2021_1155_1439,0.4325054973108432
2021_1155_1452,0.6079741903389819
2021_1155_1455,0.39671267437790564
2021_1155_1457,0.5465739389295673
2021_1155_1458,0.8102064875152238
2021_1156_1159,0.9285693261805243
2021_1156_1160,0.14292951382178748
2021_1156_1163,0.967876965308762
2021_1156_1166,0.5918538043373808
2021_1156_1179,0.3663899239911507
2021_1156_1180,0.9447456725952441
2021_1156_1186,0.82174879638141
2021_1156_1196,0.13440755658051906
2021_1156_1199,0.31689348039831616
2021_1156_1207,0.9683584764553334
2021_1156_1210,0.4745564567662741
2021_1156_1211,0.4437926736925126
2021_1156_1213,0.31230267351146
2021_1156_1216,0.39135095167712225
2021_1156_1222,0.19884769415998235
2021_1156_1228,0.8094189491419139
2021_1156_1233,0.5342141188599481
2021_1156_1234,0.35023743852626993
2021_1156_1242,0.5985693630265537
2021_1156_1251,0.45878151846962806
2021_1156_1260,0.22028140664616216
2021_1156_1261,0.1455953721630944
2021_1156_1268,0.4547096586434329
2021_1156_1276,0.6662888074286021
2021_1156_1277,0.5273100670127647
2021_1156_1281,0.9238822286153385
2021_1156_1287,0.7381988295002625
2021_1156_1291,0.9521110221661299
2021_1156_1313,0.8919544021976499
2021_1156_1314,0.9915049421455547
2021_1156_1317,0.5700168172636955
2021_1156_1325,0.7491876571832411
2021_1156_1326,0.2069916732693294
2021_1156_1328,0.8164483374181755
2021_1156_1329,0.5708886471191591
2021_1156_1331,0.5249714924897907
2021_1156_1332,0.8447462863675408
2021_1156_1333,0.6221731004657226
2021_1156_1345,0.9742224917161901
2021_1156_1353,0.20611450568150877
2021_1156_1361,0.6805778466624552
2021_1156_1364,0.7452482425704168
2021_1156_1382,0.810403209976199
2021_1156_1393,0.6602830126650088
2021_1156_1397,0.6769824025194636
2021_1156_1400,0.6961645013556721
2021_1156_1403,0.23666106446084947
2021_1156_1411,0.1738503495803426
2021_1156_1417,0.8133249703646265
2021_1156_1422,0.5461756551255077
2021_1156_1425,0.675438575577217
2021_1156_1429,0.6734802176648023
2021_1156_1433,0.8503822923874504
2021_1156_1437,0.5218556757335179
2021_1156_1438,0.0707336023120718
2021_1156_1439,0.31941923665300925
2021_1156_1452,0.569244675602298
2021_1156_1455,0.3848122916287865
2021_1156_1457,0.4382960792502661
2021_1156_1458,0.782813221888295
2021_1159_1160,0.015454925020331257
2021_1159_1163,0.7232605902783459
2021_1159_1166,0.10140891644068975
2021_1159_1179,0.029047418453883686
2021_1159_1180,0.5326647670345446
2021_1159_1186,0.34452470284176134
2021_1159_1196,0.01628800632965274
2021_1159_1199,0.0326534793008363
2021_1159_1207,0.7704361357016588
2021_1159_1210,0.07253694289774044
2021_1159_1211,0.0516077473373538
2021_1159_1213,0.04013764154502391
2021_1159_1216,0.0452564973428464
2021_1159_1222,0.01779626287881838
2021_1159_1228,0.28545864298363516
2021_1159_1233,0.08838140566332411
2021_1159_1234,0.05869875293688545
2021_1159_1242,0.1311977022397297
2021_1159_1251,0.07382494598968062
2021_1159_1260,0.025402071147403338
2021_1159_1261,0.012756538436395029
2021_1159_1268,0.09036713383480474
2021_1159_1276,0.15889844570505926
2021_1159_1277,0.07730072221837822
2021_1159_1281,0.4752988619549298
2021_1159_1287,0.19451373349904916
2021_1159_1291,0.6438114085725273
2021_1159_1313,0.40382979948447206
2021_1159_1314,0.9326424726878924
2021_1159_1317,0.12459194051228217
2021_1159_1325,0.21088747158168272
2021_1159_1326,0.02313554947102937
2021_1159_1328,0.34272578750171706
2021_1159_1329,0.10980068487741589
2021_1159_1331,0.11159501145179096
2021_1159_1332,0.3799167398317104
2021_1159_1333,0.12850959216150212
2021_1159_1345,0.7213453665365747
2021_1159_1353,0.029145919616822925
2021_1159_1361,0.19519207532385888
2021_1159_1364,0.2558843796131875
2021_1159_1382,0.3596218579821308
2021_1159_1393,0.17845148712829656
2021_1159_1397,0.11774222761598704
2021_1159_1400,0.20468189880960339
2021_1159_1403,0.02310370423163833
2021_1159_1411,0.025402071147403338
2021_1159_1417,0.2430998488760867
2021_1159_1422,0.13129956242546728
2021_1159_1425,0.21469084594157795
2021_1159_1429,0.17541684594743076
2021_1159_1433,0.3138212902995564
2021_1159_1437,0.0978324415060582
2021_1159_1438,0.0062016787255159776
2021_1159_1439,0.03854433618212097
2021_1159_1452,0.14933565377179553
2021_1159_1455,0.05424830598549811
2021_1159_1457,0.0875458304849716
2021_1159_1458,0.29215426860583843
2021_1160_1163,0.989070184262903
2021_1160_1166,0.8826138951178242
2021_1160_1179,0.7125326685552752
2021_1160_1180,0.9837931257980133
2021_1160_1186,0.9747027407023162
2021_1160_1196,0.608311652439496
2021_1160_1199,0.7717732653222128
2021_1160_1207,0.9889459499660268
2021_1160_1210,0.8236043347158519
2021_1160_1211,0.8055775700070448
2021_1160_1213,0.7283203790632935
2021_1160_1216,0.7663118694891972
2021_1160_1222,0.5671342725662407
2021_1160_1228,0.9643672525221786
2021_1160_1233,0.8595883746082641
2021_1160_1234,0.7566078387511654
2021_1160_1242,0.875898813794424
2021_1160_1251,0.804594256813689
2021_1160_1260,0.585220348884898
2021_1160_1261,0.4910459338927998
2021_1160_1268,0.8190351035008238
2021_1160_1276,0.8917832313100468
2021_1160_1277,0.8292492166477262
2021_1160_1281,0.9838926713775249
2021_1160_1287,0.932773703254171
2021_1160_1291,0.9866866511152669
2021_1160_1313,0.9825350086723063
2021_1160_1314,0.9946900397612705
2021_1160_1317,0.8986294603043753
2021_1160_1325,0.9487955366913464
2021_1160_1326,0.5460583119270936
2021_1160_1328,0.9684954027144159
2021_1160_1329,0.9014560403541336
2021_1160_1331,0.8171100730265934
2021_1160_1332,0.9790191724337396
2021_1160_1333,0.8944384008715627
2021_1160_1345,0.9930658973201815
2021_1160_1353,0.6463368704520916
2021_1160_1361,0.9385325329137398
2021_1160_1364,0.9630885784689959
2021_1160_1382,0.9788495095758771
2021_1160_1393,0.9221655117857219
2021_1160_1397,0.8793177891786246
2021_1160_1400,0.9708277298256706
2021_1160_1403,0.6506051655279013
2021_1160_1411,0.5531150321753265
2021_1160_1417,0.9623141256204033
2021_1160_1422,0.8974118354547089
2021_1160_1425,0.9332705628167334
2021_1160_1429,0.9355525332990408
2021_1160_1433,0.9760856840354257
2021_1160_1437,0.8329365526585204
2021_1160_1438,0.33768489586462874
2021_1160_1439,0.7372101669022566
2021_1160_1452,0.8806489880819577
2021_1160_1455,0.7631538327066655
2021_1160_1457,0.8692730903930382
2021_1160_1458,0.9641137087484832
2021_1163_1166,0.04681091450070953
2021_1163_1179,0.021248349719546984
2021_1163_1180,0.2961481404829081
2021_1163_1186,0.16853144651899946
2021_1163_1196,0.005663021859409711
2021_1163_1199,0.017244433387736544
2021_1163_1207,0.5555075670681424
2021_1163_1210,0.02836420139220419
2021_1163_1211,0.017484665788181
2021_1163_1213,0.01929233405987112
2021_1163_1216,0.039771770192293526
2021_1163_1222,0.012914255397397937
2021_1163_1228,0.12345852470105974
2021_1163_1233,0.030817966220036443
2021_1163_1234,0.016859599928842967
2021_1163_1242,0.03743165178475551
2021_1163_1251,0.020675941288312932
2021_1163_1260,0.01611702461114242
2021_1163_1261,0.008606737257572016
2021_1163_1268,0.029354687797896066
2021_1163_1276,0.05535728932333763
2021_1163_1277,0.02245486932780418
2021_1163_1281,0.3062960397759286
2021_1163_1287,0.08725787882866315
2021_1163_1291,0.44722527201852386
2021_1163_1313,0.23510160808098057
2021_1163_1314,0.7679745740396017
2021_1163_1317,0.03552288056049441
2021_1163_1325,0.07955135151937959
2021_1163_1326,0.010616040403961484
2021_1163_1328,0.1827023231413526
2021_1163_1329,0.03707015605122277
2021_1163_1331,0.03222499969985308
2021_1163_1332,0.12851781187485803
2021_1163_1333,0.04464744977835286
2021_1163_1345,0.5283463963284171
2021_1163_1353,0.007067536933817096
2021_1163_1361,0.06765014585846363
2021_1163_1364,0.10418973665568564
2021_1163_1382,0.11340740041217963
2021_1163_1393,0.040630059512322965
2021_1163_1397,0.03868579739163261
2021_1163_1400,0.0954200753453155
2021_1163_1403,0.00904274668158407
2021_1163_1411,0.016415505950683702
2021_1163_1417,0.13954775276041612
2021_1163_1422,0.022767616850683278
2021_1163_1425,0.0657931898598203
2021_1163_1429,0.1034518581536476
2021_1163_1433,0.18573386251221202
2021_1163_1437,0.027604151735649406
2021_1163_1438,0.004198276040528426
2021_1163_1439,0.011684420124376083
2021_1163_1452,0.040045157500097586
2021_1163_1455,0.03703649919579207
2021_1163_1457,0.02302309230236408
2021_1163_1458,0.13810822312451876
2021_1166_1179,0.24445239473763908
2021_1166_1180,0.9228775756501032
2021_1166_1186,0.8607471018702798
2021_1166_1196,0.11819278075740387
2021_1166_1199,0.2665923474213614
2021_1166_1207,0.9525196990289889
2021_1166_1210,0.45496014108581473
2021_1166_1211,0.3632970619469602
2021_1166_1213,0.22409848734571405
2021_1166_1216,0.30163301206229093
2021_1166_1222,0.1598430519269864
2021_1166_1228,0.7895745347278004
2021_1166_1233,0.4170456781557216
2021_1166_1234,0.32366398780867095
2021_1166_1242,0.5003695935474103
2021_1166_1251,0.403426000986165
2021_1166_1260,0.1711653552017258
2021_1166_1261,0.10988992556833589
2021_1166_1268,0.39135733723576177
2021_1166_1276,0.5849988567073908
2021_1166_1277,0.4068555627224651
2021_1166_1281,0.89294043634852
2021_1166_1287,0.6818911935285038
2021_1166_1291,0.935296073708529
2021_1166_1313,0.8913482181332
2021_1166_1314,0.9870930974117901
2021_1166_1317,0.5969360844408352
2021_1166_1325,0.7278364314321198
2021_1166_1326,0.1485226811463756
2021_1166_1328,0.8409706145496145
2021_1166_1329,0.44962074823151693
2021_1166_1331,0.3972234040726767
2021_1166_1332,0.871989952212891
2021_1166_1333,0.5591662154773742
2021_1166_1345,0.9564726481985606
2021_1166_1353,0.23896653133913237
2021_1166_1361,0.5462736325702241
2021_1166_1364,0.7705030127682136
2021_1166_1382,0.8438627730921534
2021_1166_1393,0.6233548060672323
2021_1166_1397,0.5124055143571477
2021_1166_1400,0.7128293404582178
2021_1166_1403,0.1974694668005304
2021_1166_1411,0.15165665303825587
2021_1166_1417,0.7545303464102717
2021_1166_1422,0.5383431875164175
2021_1166_1425,0.6794138448479548
2021_1166_1429,0.6863640954059965
2021_1166_1433,0.8207089361739061
2021_1166_1437,0.4364049435838777
2021_1166_1438,0.06482675324521082
2021_1166_1439,0.21530746275576954
2021_1166_1452,0.4916904941763847
2021_1166_1455,0.3451994040772696
2021_1166_1457,0.4729979447872488
2021_1166_1458,0.8339128168375479
2021_1179_1180,0.9611635711120807
2021_1179_1186,0.9436959304898133
2021_1179_1196,0.29143851679609206
2021_1179_1199,0.4889492600679667
2021_1179_1207,0.973895922466194
2021_1179_1210,0.6842071972818683
2021_1179_1211,0.6165064818048787
2021_1179_1213,0.5274723205165253
2021_1179_1216,0.556970884750363
2021_1179_1222,0.35371224747194746
2021_1179_1228,0.9028942387505188
2021_1179_1233,0.7244099058634123
2021_1179_1234,0.5750684900879021
2021_1179_1242,0.7225834143357196
2021_1179_1251,0.6625865637960299
2021_1179_1260,0.38712536175025225
2021_1179_1261,0.27196115140745974
2021_1179_1268,0.6350785644834643
2021_1179_1276,0.7969199970243601
2021_1179_1277,0.6732479047679936
2021_1179_1281,0.958209945762478
2021_1179_1287,0.8377715540827922
2021_1179_1291,0.9659575858013904
2021_1179_1313,0.9385034788821318
2021_1179_1314,0.9923300947048432
2021_1179_1317,0.7913427515719467
2021_1179_1325,0.8650549371784615
2021_1179_1326,0.3758391313752601
2021_1179_1328,0.9348424424067054
2021_1179_1329,0.7436603722878541
2021_1179_1331,0.6770365693113892
2021_1179_1332,0.9485326566607091
2021_1179_1333,0.761203314430306
2021_1179_1345,0.9839410557642179
2021_1179_1353,0.4133222447080403
2021_1179_1361,0.8134097606546953
2021_1179_1364,0.8846591021373016
2021_1179_1382,0.9425557996664226
2021_1179_1393,0.8054064654153884
2021_1179_1397,0.7622042006761466
2021_1179_1400,0.85825319896074
2021_1179_1403,0.3983159722816422
2021_1179_1411,0.3198344186591163
2021_1179_1417,0.886450310746528
2021_1179_1422,0.7168164102592779
2021_1179_1425,0.8379752637917725
2021_1179_1429,0.8312376328820532
2021_1179_1433,0.9222476255311644
2021_1179_1437,0.6915701691214134
2021_1179_1438,0.1611484330031254
2021_1179_1439,0.531813569185794
2021_1179_1452,0.761040500085743
2021_1179_1455,0.5885041300403903
2021_1179_1457,0.7094694396688082
2021_1179_1458,0.9284286670663421
2021_1180_1186,0.37667305397388995
2021_1180_1196,0.01191500840389628
2021_1180_1199,0.03219615893181372
2021_1180_1207,0.7290063456763392
2021_1180_1210,0.05528584048955152
2021_1180_1211,0.04023929198163818
2021_1180_1213,0.026866042127770665
2021_1180_1216,0.06094823877707998
2021_1180_1222,0.017182957990536717
2021_1180_1228,0.2684196730641533
2021_1180_1233,0.06382830824441273
2021_1180_1234,0.03683670810928662
2021_1180_1242,0.09670402734509738
2021_1180_1251,0.04294866289785098
2021_1180_1260,0.024270085000254918
2021_1180_1261,0.013513522232649776
2021_1180_1268,0.0725566326612231
2021_1180_1276,0.14346901598425485
2021_1180_1277,0.05003103954489232
2021_1180_1281,0.49617908845641
2021_1180_1287,0.19073071255744065
2021_1180_1291,0.6358532392258079
2021_1180_1313,0.42478072414495077
2021_1180_1314,0.9016745260409065
2021_1180_1317,0.12280020929854032
2021_1180_1325,0.19036780276327533
2021_1180_1326,0.01503576050520954
2021_1180_1328,0.33146370978525774
2021_1180_1329,0.08867848152013734
2021_1180_1331,0.07158890662313244
2021_1180_1332,0.32961881118201347
2021_1180_1333,0.1033617339675743
2021_1180_1345,0.707231547746926
2021_1180_1353,0.018930607507193664
2021_1180_1361,0.2047758959190188
2021_1180_1364,0.23191156015691744
2021_1180_1382,0.34831235562214696
2021_1180_1393,0.15322086016181174
2021_1180_1397,0.10960539858293858
2021_1180_1400,0.23258203807554226
2021_1180_1403,0.017837664613670416
2021_1180_1411,0.024270085000254918
2021_1180_1417,0.2535219841008471
2021_1180_1422,0.13098149277184462
2021_1180_1425,0.18824472405867732
2021_1180_1429,0.1937336925841008
2021_1180_1433,0.36275259053915776
2021_1180_1437,0.08636140593891412
2021_1180_1438,0.0060617487762116996
2021_1180_1439,0.028407394175387
2021_1180_1452,0.13038099440466838
2021_1180_1455,0.05839657344403179
2021_1180_1457,0.07063058319989743
2021_1180_1458,0.2982112379315484
2021_1186_1196,0.03150148704972221
2021_1186_1199,0.0916680908948887
2021_1186_1207,0.8552408062579797
2021_1186_1210,0.1340085859250175
2021_1186_1211,0.10588423650208201
2021_1186_1213,0.07708249204788074
2021_1186_1216,0.13537996939445435
2021_1186_1222,0.04026765350473197
2021_1186_1228,0.4381178836075211
2021_1186_1233,0.19966260202515096
2021_1186_1234,0.10621751001919962
2021_1186_1242,0.23567058461101423
2021_1186_1251,0.15867625763853566
2021_1186_1260,0.036547344692333776
2021_1186_1261,0.02431313104771543
2021_1186_1268,0.17987038816182074
2021_1186_1276,0.2783751878690477
2021_1186_1277,0.14019207314770193
2021_1186_1281,0.6559985573115894
2021_1186_1287,0.3124686658384418
2021_1186_1291,0.7820111114402425
2021_1186_1313,0.5962335878972905
2021_1186_1314,0.9533382770055487
2021_1186_1317,0.2405882529525015
2021_1186_1325,0.3007155450450745
2021_1186_1326,0.05231077024234829
2021_1186_1328,0.485702116705094
2021_1186_1329,0.24987399652778844
2021_1186_1331,0.22152508660517561
2021_1186_1332,0.5273024708350513
2021_1186_1333,0.30976881969086684
2021_1186_1345,0.8879071709745477
2021_1186_1353,0.041546549873429255
2021_1186_1361,0.3847647073828309
2021_1186_1364,0.4668151058448595
2021_1186_1382,0.5363756917013414
2021_1186_1393,0.31939902768453804
2021_1186_1397,0.28847976507096024
2021_1186_1400,0.4009630920313677
2021_1186_1403,0.04682294011939137
2021_1186_1411,0.04023213535926235
2021_1186_1417,0.45226890902900785
2021_1186_1422,0.29496854458010224
2021_1186_1425,0.32521150013629657
2021_1186_1429,0.2985144016755342
2021_1186_1433,0.534066933050148
2021_1186_1437,0.16828552124779433
2021_1186_1438,0.012799123218665335
2021_1186_1439,0.08772367121201168
2021_1186_1452,0.25577668988487845
2021_1186_1455,0.12276275361535956
2021_1186_1457,0.15422400250517684
2021_1186_1458,0.4695030637343044
2021_1196_1199,0.7218673356025669
2021_1196_1207,0.9935167421929954
2021_1196_1210,0.7952399265692566
2021_1196_1211,0.7953733612299712
2021_1196_1213,0.7274297036715617
2021_1196_1216,0.7909423410105352
2021_1196_1222,0.5280653421319611
2021_1196_1228,0.9634094712819344
2021_1196_1233,0.8896352215002679
2021_1196_1234,0.7466122159917638
2021_1196_1242,0.8867165110456044
2021_1196_1251,0.8125753828867064
2021_1196_1260,0.5575895118414694
2021_1196_1261,0.47899980225589145
2021_1196_1268,0.8214937732984828
2021_1196_1276,0.9177596001262198
2021_1196_1277,0.8170318668445916
2021_1196_1281,0.987254163787494
2021_1196_1287,0.9357405741225552
2021_1196_1291,0.987903982742525
2021_1196_1313,0.9800832198056668
2021_1196_1314,0.994695115240452
2021_1196_1317,0.8658888579735957
2021_1196_1325,0.9439107005435683
2021_1196_1326,0.5782960180474521
2021_1196_1328,0.9672237149540378
2021_1196_1329,0.8889578243022053
2021_1196_1331,0.8422972363763558
2021_1196_1332,0.9533523842265297
2021_1196_1333,0.8939685767532293
2021_1196_1345,0.9929410852711869
2021_1196_1353,0.6245524616027643
2021_1196_1361,0.9387342449641567
2021_1196_1364,0.9619495005436827
2021_1196_1382,0.9479462376742449
2021_1196_1393,0.8996976569995416
2021_1196_1397,0.8999344603873236
2021_1196_1400,0.9369057641367396
2021_1196_1403,0.5613130198009092
2021_1196_1411,0.4813314779800011
2021_1196_1417,0.9576380428660726
2021_1196_1422,0.8871629131619843
2021_1196_1425,0.9210667859145997
2021_1196_1429,0.9035690229802648
2021_1196_1433,0.9806932420381393
2021_1196_1437,0.8282289454280031
2021_1196_1438,0.30769961615592795
2021_1196_1439,0.7227630327381509
2021_1196_1452,0.879124450523124
2021_1196_1455,0.7274038032327687
2021_1196_1457,0.8078606302675881
2021_1196_1458,0.9597946995350245
2021_1199_1207,0.9767085626802727
2021_1199_1210,0.69205257105197
2021_1199_1211,0.643265961900191
2021_1199_1213,0.48876649694522384
2021_1199_1216,0.5655463441096376
2021_1199_1222,0.39459240160370096
2021_1199_1228,0.8876831777223296
2021_1199_1233,0.7316892401005503
2021_1199_1234,0.6076167001022931
2021_1199_1242,0.7771218965300847
2021_1199_1251,0.6721382045552123
2021_1199_1260,0.36878711124134766
2021_1199_1261,0.27136170848340857
2021_1199_1268,0.6781774602779185
2021_1199_1276,0.8189058407087514
2021_1199_1277,0.7026126383518336
2021_1199_1281,0.9652274877118029
2021_1199_1287,0.835505249009528
2021_1199_1291,0.9616938521493751
2021_1199_1313,0.9386586936095448
2021_1199_1314,0.9949623708761722
2021_1199_1317,0.6886994915538225
2021_1199_1325,0.8444788653969696
2021_1199_1326,0.3536448635459697
2021_1199_1328,0.9166710577137661
2021_1199_1329,0.7618034381477554
2021_1199_1331,0.6994775925744734
2021_1199_1332,0.9243211089823646
2021_1199_1333,0.779511429739335
2021_1199_1345,0.9863525137820733
2021_1199_1353,0.4078693030383089
2021_1199_1361,0.8318217058719387
2021_1199_1364,0.848627116303911
2021_1199_1382,0.9184538577391357
2021_1199_1393,0.7733333250465682
2021_1199_1397,0.7693496807613458
2021_1199_1400,0.8279008869039359
2021_1199_1403,0.41390161517525137
2021_1199_1411,0.31426484288003015
2021_1199_1417,0.8754514310281878
2021_1199_1422,0.7319504881400376
2021_1199_1425,0.8225363020951474
2021_1199_1429,0.8370133035223752
2021_1199_1433,0.9230709935235522
2021_1199_1437,0.7068286502241818
2021_1199_1438,0.158294926835653
2021_1199_1439,0.5900188729440529
2021_1199_1452,0.7313894493554084
2021_1199_1455,0.5509453020083301
2021_1199_1457,0.6782098699320659
2021_1199_1458,0.8865604282491937
2021_1207_1210,0.02662055384038569
2021_1207_1211,0.02028306042496191
2021_1207_1213,0.015595644991900167
2021_1207_1216,0.028567041996409682
2021_1207_1222,0.010680310615841656
2021_1207_1228,0.11966930229623146
2021_1207_1233,0.025117422731135413
2021_1207_1234,0.01988280992815394
2021_1207_1242,0.03105182119166919
2021_1207_1251,0.01710374844918147
2021_1207_1260,0.013406551183884854
2021_1207_1261,0.0077394591837098205
2021_1207_1268,0.03062676019489422
2021_1207_1276,0.04673974727217217
2021_1207_1277,0.02775532929654904
2021_1207_1281,0.24656819488488751
2021_1207_1287,0.06279539349746081
2021_1207_1291,0.38093818840736077
2021_1207_1313,0.184462721824242
2021_1207_1314,0.7717138288370642
2021_1207_1317,0.04247702869021732
2021_1207_1325,0.07368337189377969
2021_1207_1326,0.008980215921362457
2021_1207_1328,0.16583851051325668
2021_1207_1329,0.030287268041397707
2021_1207_1331,0.028970732777316245
2021_1207_1332,0.16592057712629443
2021_1207_1333,0.04711944168632872
2021_1207_1345,0.4625174385483929
2021_1207_1353,0.009646495499569729
2021_1207_1361,0.08549526288835067
2021_1207_1364,0.1139357561462482
2021_1207_1382,0.13742882859187533
2021_1207_1393,0.04519245110902916
2021_1207_1397,0.04041958793367507
2021_1207_1400,0.08627301009946083
2021_1207_1403,0.0075568510174893215
2021_1207_1411,0.01646035772595592
2021_1207_1417,0.11669645719992586
2021_1207_1422,0.03897361435898955
2021_1207_1425,0.05869936114905243
2021_1207_1429,0.09948619258030661
2021_1207_1433,0.1474472382069427
2021_1207_1437,0.03161314114720317
2021_1207_1438,0.0036562035967967767
2021_1207_1439,0.009958003888667208
2021_1207_1452,0.04155338968672783
2021_1207_1455,0.028953416840794118
2021_1207_1457,0.0343014020529985
2021_1207_1458,0.1333711804901532
2021_1210_1211,0.483052930737011
2021_1210_1213,0.3493755351980869
2021_1210_1216,0.3324485235510667
2021_1210_1222,0.2349576834330795
2021_1210_1228,0.8159980999363642
2021_1210_1233,0.5832472395673814
2021_1210_1234,0.42759113639279833
2021_1210_1242,0.6145727482061609
2021_1210_1251,0.4397708821358358
2021_1210_1260,0.15400643048466067
2021_1210_1261,0.18078066193362768
2021_1210_1268,0.5077659827102572
2021_1210_1276,0.6487252202554584
2021_1210_1277,0.5376454085557167
2021_1210_1281,0.9009834569843838
2021_1210_1287,0.7038547803913426
2021_1210_1291,0.9630067382801498
2021_1210_1313,0.8703670365135759
2021_1210_1314,0.9898031863089012
2021_1210_1317,0.6582027012989317
2021_1210_1325,0.7357624551470989
2021_1210_1326,0.26304419262186074
2021_1210_1328,0.8434386530916703
2021_1210_1329,0.5468388455614968
2021_1210_1331,0.49231133232127205
2021_1210_1332,0.8945629892860241
2021_1210_1333,0.6238212961900959
2021_1210_1345,0.9657553693215251
2021_1210_1353,0.28881692936208964
2021_1210_1361,0.6598785502224408
2021_1210_1364,0.7505351691582608
2021_1210_1382,0.8791399748170077
2021_1210_1393,0.6674426222567823
2021_1210_1397,0.5827082053592189
2021_1210_1400,0.7332933143338936
2021_1210_1403,0.22858531396202372
2021_1210_1411,0.14874043096275802
2021_1210_1417,0.7694369097219831
2021_1210_1422,0.6020128582775448
2021_1210_1425,0.7473317252069802
2021_1210_1429,0.7367891696701746
2021_1210_1433,0.834291823916039
2021_1210_1437,0.5313930021350363
2021_1210_1438,0.10059815080271613
2021_1210_1439,0.35019235084540246
2021_1210_1452,0.5852700964832388
2021_1210_1455,0.3978272547024933
2021_1210_1457,0.5697367019038988
2021_1210_1458,0.830461645408374
2021_1211_1213,0.4061750539174295
2021_1211_1216,0.45586642045622766
2021_1211_1222,0.23726222837150104
2021_1211_1228,0.8628375301489151
2021_1211_1233,0.6345449916064285
2021_1211_1234,0.3918274328360643
2021_1211_1242,0.6232463274679775
2021_1211_1251,0.5062618664318314
2021_1211_1260,0.2630431859972275
2021_1211_1261,0.20944638448099295
2021_1211_1268,0.5411574128562289
2021_1211_1276,0.6649671169361152
2021_1211_1277,0.5211154218511852
2021_1211_1281,0.9494912250655629
2021_1211_1287,0.7470096531922511
2021_1211_1291,0.9798258600430146
2021_1211_1313,0.9223931386290468
2021_1211_1314,0.9937219819289078
2021_1211_1317,0.6737710564543482
2021_1211_1325,0.7744067318889056
2021_1211_1326,0.27264744124539786
2021_1211_1328,0.8895797731498708
2021_1211_1329,0.6060809552048525
2021_1211_1331,0.5689752068016195
2021_1211_1332,0.9033453324370573
2021_1211_1333,0.6636806672071013
2021_1211_1345,0.9842650179411565
2021_1211_1353,0.2963211401608716
2021_1211_1361,0.7070358731617544
2021_1211_1364,0.8134768718991867
2021_1211_1382,0.9116048245528033
2021_1211_1393,0.665336594202527
2021_1211_1397,0.591855511004459
2021_1211_1400,0.7544572085642177
2021_1211_1403,0.24707334171923337
2021_1211_1411,0.20289192375837184
2021_1211_1417,0.838147325067921
2021_1211_1422,0.5981953196288494
2021_1211_1425,0.7703327322144659
2021_1211_1429,0.8166776330620491
2021_1211_1433,0.8981949396175851
2021_1211_1437,0.5069546775910636
2021_1211_1438,0.12086184959410176
2021_1211_1439,0.3471715692152979
2021_1211_1452,0.6621353461910652
2021_1211_1455,0.4247173415247951
2021_1211_1457,0.5477914707401763
2021_1211_1458,0.879061953591786
2021_1213_1216,0.5739941397422255
2021_1213_1222,0.38957713881403544
2021_1213_1228,0.8925911177753045
2021_1213_1233,0.699955362582004
2021_1213_1234,0.5703965520209343
2021_1213_1242,0.7544996016218264
2021_1213_1251,0.6367426208943853
2021_1213_1260,0.3730429397262246
2021_1213_1261,0.30467889547368615
2021_1213_1268,0.6703096850122333
2021_1213_1276,0.7808285423943584
2021_1213_1277,0.6774490365538867
2021_1213_1281,0.9442997420213041
2021_1213_1287,0.8178987574445966
2021_1213_1291,0.9672352163649941
2021_1213_1313,0.9487586238838667
2021_1213_1314,0.9939331933116939
2021_1213_1317,0.7874335337712725
2021_1213_1325,0.8501813261329068
2021_1213_1326,0.35769158231584
2021_1213_1328,0.9203199785061902
2021_1213_1329,0.7326457922602179
2021_1213_1331,0.6773870022203085
2021_1213_1332,0.9303623672908714
2021_1213_1333,0.8099466642500711
2021_1213_1345,0.9821535620988544
2021_1213_1353,0.469977661740363
2021_1213_1361,0.8265168022048339
2021_1213_1364,0.8915117847355705
2021_1213_1382,0.9340776782353392
2021_1213_1393,0.8129869300648884
2021_1213_1397,0.7877737146164528
2021_1213_1400,0.8863599942136451
2021_1213_1403,0.4096651757509188
2021_1213_1411,0.3333500658895447
2021_1213_1417,0.871300294707576
2021_1213_1422,0.8203629356030286
2021_1213_1425,0.8221465768158095
2021_1213_1429,0.8156729643543063
2021_1213_1433,0.911584056007375
2021_1213_1437,0.7124474557529412
2021_1213_1438,0.1597955335499988
2021_1213_1439,0.5315895459993193
2021_1213_1452,0.7459724705595198
2021_1213_1455,0.6250892388171176
2021_1213_1457,0.7066657894495352
2021_1213_1458,0.922436897277114
2021_1216_1222,0.29357239107629696
2021_1216_1228,0.8921558620900095
2021_1216_1233,0.6320068288712934
2021_1216_1234,0.5097181996984137
2021_1216_1242,0.6668561195881432
2021_1216_1251,0.5993995524164972
2021_1216_1260,0.2909546290837093
2021_1216_1261,0.22533508299078592
2021_1216_1268,0.6205071244368062
2021_1216_1276,0.7538054968659967
2021_1216_1277,0.598662826941753
2021_1216_1281,0.9430580254173353
2021_1216_1287,0.8357096644915716
2021_1216_1291,0.9455406392695792
2021_1216_1313,0.9343199828684184
2021_1216_1314,0.9871142068772719
2021_1216_1317,0.7428562610816594
2021_1216_1325,0.8309222636398123
2021_1216_1326,0.3400636622498471
2021_1216_1328,0.9053781642682465
2021_1216_1329,0.6894391284973718
2021_1216_1331,0.6678930355154217
2021_1216_1332,0.9157537384463975
2021_1216_1333,0.731788496299017
2021_1216_1345,0.970796671801266
2021_1216_1353,0.33899048602138626
2021_1216_1361,0.7889975176313295
2021_1216_1364,0.8587425187243913
2021_1216_1382,0.9047629393827903
2021_1216_1393,0.7287935265875819
2021_1216_1397,0.7144584067889146
2021_1216_1400,0.8154526318546271
2021_1216_1403,0.3181454262671326
2021_1216_1411,0.24421458003530816
2021_1216_1417,0.8528824744651836
2021_1216_1422,0.6939878566139038
2021_1216_1425,0.8277648165396178
2021_1216_1429,0.8206612089228953
2021_1216_1433,0.9011160138636862
2021_1216_1437,0.6165439108451459
2021_1216_1438,0.09563923764021344
2021_1216_1439,0.4427924080892203
2021_1216_1452,0.6479597859123861
2021_1216_1455,0.5470811634675963
2021_1216_1457,0.6647053180458187
2021_1216_1458,0.9011936208873351
2021_1222_1228,0.9405915372154386
2021_1222_1233,0.8198303425940787
2021_1222_1234,0.698997036452189
2021_1222_1242,0.8440339813361413
2021_1222_1251,0.7757133214647476
2021_1222_1260,0.5016072318132458
2021_1222_1261,0.42841300225026685
2021_1222_1268,0.7729050726449983
2021_1222_1276,0.871340064327553
2021_1222_1277,0.7859156452478772
2021_1222_1281,0.9768724041931061
2021_1222_1287,0.9085075294960877
2021_1222_1291,0.9808542670742095
2021_1222_1313,0.9605712802193772
2021_1222_1314,0.9949141722542363
2021_1222_1317,0.8690671449754467
2021_1222_1325,0.9196984621614522
2021_1222_1326,0.5377017038113753
2021_1222_1328,0.9563328363505881
2021_1222_1329,0.8188334845987127
2021_1222_1331,0.7910866581875401
2021_1222_1332,0.9741599579996568
2021_1222_1333,0.8372183906421276
2021_1222_1345,0.9912453986303765
2021_1222_1353,0.6115056270085626
2021_1222_1361,0.8646581027201335
2021_1222_1364,0.9334049648827224
2021_1222_1382,0.9656247745976977
2021_1222_1393,0.8739966337258199
2021_1222_1397,0.8364112721462806
2021_1222_1400,0.8997967692486216
2021_1222_1403,0.5650449644160986
2021_1222_1411,0.45015541108488827
2021_1222_1417,0.9386575472466403
2021_1222_1422,0.869208805735088
2021_1222_1425,0.9089069956864048
2021_1222_1429,0.9102545158356052
2021_1222_1433,0.9534111488100053
2021_1222_1437,0.785933348339251
2021_1222_1438,0.2655040762226082
2021_1222_1439,0.6764989399600139
2021_1222_1452,0.8295741368145774
2021_1222_1455,0.7296742310364472
2021_1222_1457,0.8342783363994486
2021_1222_1458,0.9584758615655299
2021_1228_1233,0.2271087747022823
2021_1228_1234,0.1080065676363209
2021_1228_1242,0.270041596014972
2021_1228_1251,0.16726896456507015
2021_1228_1260,0.04026758750201659
2021_1228_1261,0.04327947476980838
2021_1228_1268,0.1740546693805587
2021_1228_1276,0.3513090379478462
2021_1228_1277,0.14512357091243544
2021_1228_1281,0.712385063967524
2021_1228_1287,0.3497394369911976
2021_1228_1291,0.8340409224571069
2021_1228_1313,0.5929823374474957
2021_1228_1314,0.9750427146614926
2021_1228_1317,0.2846149601169615
2021_1228_1325,0.3737810773028268
2021_1228_1326,0.055099737815139244
2021_1228_1328,0.5745321497788609
2021_1228_1329,0.25349053555268286
2021_1228_1331,0.22772645075069564
2021_1228_1332,0.5926512386302627
2021_1228_1333,0.2694408630048007
2021_1228_1345,0.8797552651659284
2021_1228_1353,0.06686097321302056
2021_1228_1361,0.39084150039020266
2021_1228_1364,0.44520390245334246
2021_1228_1382,0.5629817044117978
2021_1228_1393,0.3251497165680205
2021_1228_1397,0.31662510940635913
2021_1228_1400,0.4604476992691834
2021_1228_1403,0.06378201757314532
2021_1228_1411,0.028952571981299156
2021_1228_1417,0.4430950602319418
2021_1228_1422,0.2769366296705677
2021_1228_1425,0.3721299276477418
2021_1228_1429,0.3572045805674328
2021_1228_1433,0.5786746235113174
2021_1228_1437,0.18265785125678707
2021_1228_1438,0.01695762072158414
2021_1228_1439,0.10119704888650038
2021_1228_1452,0.23345765944742436
2021_1228_1455,0.13305355173096337
2021_1228_1457,0.19779022633479482
2021_1228_1458,0.5327474178299196
2021_1233_1234,0.3559452365884563
2021_1233_1242,0.5117634323126948
2021_1233_1251,0.4010002931743179
2021_1233_1260,0.19989041066873717
2021_1233_1261,0.13917821997542076
2021_1233_1268,0.42723612810665973
2021_1233_1276,0.5451060213430606
2021_1233_1277,0.4695262073002151
2021_1233_1281,0.9048785269114485
2021_1233_1287,0.6832625938390445
2021_1233_1291,0.9572174310410597
2021_1233_1313,0.8946216106943081
2021_1233_1314,0.9918334038675858
2021_1233_1317,0.5794794576443734
2021_1233_1325,0.679420804574782
2021_1233_1326,0.17048678240115508
2021_1233_1328,0.8559402016429679
2021_1233_1329,0.5488149148469369
2021_1233_1331,0.4521930341339139
2021_1233_1332,0.8606958036453725
2021_1233_1333,0.5795202613711015
2021_1233_1345,0.9712438764533544
2021_1233_1353,0.22075767176832625
2021_1233_1361,0.6507263871322985
2021_1233_1364,0.7757163406708859
2021_1233_1382,0.8622437194802577
2021_1233_1393,0.6829672528509414
2021_1233_1397,0.5262239998575802
2021_1233_1400,0.7590654469334565
2021_1233_1403,0.200928594610621
2021_1233_1411,0.16442374523193823
2021_1233_1417,0.7944424591147986
2021_1233_1422,0.5174288385610397
2021_1233_1425,0.7057451307386277
2021_1233_1429,0.7214080962959123
2021_1233_1433,0.8506208543844885
2021_1233_1437,0.436718943900925
2021_1233_1438,0.0812379550410883
2021_1233_1439,0.2896414502610764
2021_1233_1452,0.5443511525127193
2021_1233_1455,0.3426042678963175
2021_1233_1457,0.5570461737874589
2021_1233_1458,0.8410858655237484
2021_1234_1242,0.6819615024082082
2021_1234_1251,0.6149300479317084
2021_1234_1260,0.31941921683566205
2021_1234_1261,0.26491886144658744
2021_1234_1268,0.6243934262087085
2021_1234_1276,0.7516355569561639
2021_1234_1277,0.5969282012803726
2021_1234_1281,0.9381175851315315
2021_1234_1287,0.8128808624509533
2021_1234_1291,0.9762524598453576
2021_1234_1313,0.9141869866151248
2021_1234_1314,0.9922938505568033
2021_1234_1317,0.7122354944080603
2021_1234_1325,0.8122299962658547
2021_1234_1326,0.40183425094626735
2021_1234_1328,0.8989048493075723
2021_1234_1329,0.6522623480522639
2021_1234_1331,0.6244280028411806
2021_1234_1332,0.9201681020663456
2021_1234_1333,0.6876220897946971
2021_1234_1345,0.9766317520492104
2021_1234_1353,0.3944165720074131
2021_1234_1361,0.7695739534976626
2021_1234_1364,0.8450086258414662
2021_1234_1382,0.9044679159766145
2021_1234_1393,0.7628303659457438
2021_1234_1397,0.7169091423679447
2021_1234_1400,0.7658173790113973
2021_1234_1403,0.3492140565647422
2021_1234_1411,0.2601743782331005
2021_1234_1417,0.84020296982258
2021_1234_1422,0.709357238837556
2021_1234_1425,0.8345947434353623
2021_1234_1429,0.8092991029251099
2021_1234_1433,0.8754951388812603
2021_1234_1437,0.5954499824149643
2021_1234_1438,0.15742094873268286
2021_1234_1439,0.48280140446338704
2021_1234_1452,0.6494127862766641
2021_1234_1455,0.5218225063741156
2021_1234_1457,0.5899896833837923
2021_1234_1458,0.8892938260997307
2021_1242_1251,0.36940656131932487
2021_1242_1260,0.16052622641144765
2021_1242_1261,0.1074126400186767
2021_1242_1268,0.43093244215705245
2021_1242_1276,0.561004780153583
2021_1242_1277,0.45195684275515047
2021_1242_1281,0.8995714395254893
2021_1242_1287,0.6360968577897147
2021_1242_1291,0.955819065972947
2021_1242_1313,0.8705494330989021
2021_1242_1314,0.9893123823661344
2021_1242_1317,0.4500884404971347
2021_1242_1325,0.6699823441106001
2021_1242_1326,0.1517682914097218
2021_1242_1328,0.8015815544867038
2021_1242_1329,0.4687433333283934
2021_1242_1331,0.4113805535892773
2021_1242_1332,0.8542902848527403
2021_1242_1333,0.5442776658384576
2021_1242_1345,0.9668314567347537
2021_1242_1353,0.19874485610039622
2021_1242_1361,0.6081074739330166
2021_1242_1364,0.7055110143410032
2021_1242_1382,0.8126686059448109
2021_1242_1393,0.5203744455590441
2021_1242_1397,0.5388097018605952
2021_1242_1400,0.6654616126121229
2021_1242_1403,0.19500325233919152
2021_1242_1411,0.14719937127224036
2021_1242_1417,0.7423594977786893
2021_1242_1422,0.4922564782574695
2021_1242_1425,0.5511025572693814
2021_1242_1429,0.5410944548570134
2021_1242_1433,0.8389804700901513
2021_1242_1437,0.41853394602535926
2021_1242_1438,0.06374310024746223
2021_1242_1439,0.2613131954171971
2021_1242_1452,0.473431322844388
2021_1242_1455,0.33026401176842607
2021_1242_1457,0.3289893385368829
2021_1242_1458,0.7401822549034833
2021_1251_1260,0.23275112507788936
2021_1251_1261,0.1498856380298721
2021_1251_1268,0.5759495723541602
2021_1251_1276,0.6494400297324497
2021_1251_1277,0.5730562612633835
2021_1251_1281,0.9312891149100799
2021_1251_1287,0.7574525500587073
2021_1251_1291,0.9669245039020153
2021_1251_1313,0.9054881627402463
2021_1251_1314,0.9914309015613708
2021_1251_1317,0.6896450577797981
2021_1251_1325,0.756562122346977
2021_1251_1326,0.22138104261053593
2021_1251_1328,0.8948735533908743
2021_1251_1329,0.6444482509398484
2021_1251_1331,0.5892075567445351
2021_1251_1332,0.8928001928263526
2021_1251_1333,0.6514524520714833
2021_1251_1345,0.9782618878897739
2021_1251_1353,0.3049353009357296
2021_1251_1361,0.7480633255663208
2021_1251_1364,0.7835988363417811
2021_1251_1382,0.8970806251886663
2021_1251_1393,0.7092262761630521
2021_1251_1397,0.653975536868292
2021_1251_1400,0.7695694764495606
2021_1251_1403,0.2647226418460364
2021_1251_1411,0.20342866287978612
2021_1251_1417,0.8446065557805787
2021_1251_1422,0.5978425150457494
2021_1251_1425,0.7778169312370189
2021_1251_1429,0.7909537686422479
2021_1251_1433,0.8928423356513073
2021_1251_1437,0.5579399676049737
2021_1251_1438,0.09429434109254117
2021_1251_1439,0.36570844657684354
2021_1251_1452,0.6556649521354234
2021_1251_1455,0.47745490903066806
2021_1251_1457,0.6162338042088851
2021_1251_1458,0.8594518916504508
2021_1260_1261,0.4421488608347723
2021_1260_1268,0.7943929064063734
2021_1260_1276,0.8790823954604928
2021_1260_1277,0.8084286535875043
2021_1260_1281,0.9714958724909291
2021_1260_1287,0.9313070519404452
2021_1260_1291,0.9714958724909291
2021_1260_1313,0.9726180195951691
2021_1260_1314,0.9948022213801504
2021_1260_1317,0.8708469223056038
2021_1260_1325,0.9194835599373752
2021_1260_1326,0.5262127587669997
2021_1260_1328,0.9562587973703065
2021_1260_1329,0.8346327939116831
2021_1260_1331,0.7831346707546479
2021_1260_1332,0.9690387161527588
2021_1260_1333,0.8688605873216521
2021_1260_1345,0.9880243798993618
2021_1260_1353,0.5535224234667296
2021_1260_1361,0.9101230210649344
2021_1260_1364,0.9286851746046602
2021_1260_1382,0.9738093178175569
2021_1260_1393,0.8813390419469992
2021_1260_1397,0.8513461885902027
2021_1260_1400,0.9273182584298056
2021_1260_1403,0.5811885068777011
2021_1260_1411,0.4334940471927186
2021_1260_1417,0.93670684954776
2021_1260_1422,0.8495353613911147
2021_1260_1425,0.9285269005859809
2021_1260_1429,0.9371010720462114
2021_1260_1433,0.9625456481511797
2021_1260_1437,0.8175780909657901
2021_1260_1438,0.30743195114371497
2021_1260_1439,0.6389815387154739
2021_1260_1452,0.8294983214862793
2021_1260_1455,0.7296628506117819
2021_1260_1457,0.8310879073995878
2021_1260_1458,0.9530978634126822
2021_1261_1268,0.84236361880062
2021_1261_1276,0.9010182565694304
2021_1261_1277,0.8147574445116983
2021_1261_1281,0.9850971481632924
2021_1261_1287,0.9188967940017035
2021_1261_1291,0.9886511070972691
2021_1261_1313,0.9789360716015572
2021_1261_1314,0.994695115240452
2021_1261_1317,0.9010313778891348
2021_1261_1325,0.9356715117547715
2021_1261_1326,0.556702421696576
2021_1261_1328,0.9732226785418747
2021_1261_1329,0.8891808453605814
2021_1261_1331,0.8395981354851005
2021_1261_1332,0.9780381793038951
2021_1261_1333,0.8951984031931184
2021_1261_1345,0.993835442199209
2021_1261_1353,0.6108056065237594
2021_1261_1361,0.9313056912670085
2021_1261_1364,0.970377554373286
2021_1261_1382,0.9796959214129911
2021_1261_1393,0.9134115398957893
2021_1261_1397,0.8929876746392376
2021_1261_1400,0.9610006602887661
2021_1261_1403,0.6092411354375536
2021_1261_1411,0.465526971576474
2021_1261_1417,0.9627738165253507
2021_1261_1422,0.9126166793325262
2021_1261_1425,0.9277856986942915
2021_1261_1429,0.9464554545331284
2021_1261_1433,0.9691376453946183
2021_1261_1437,0.8488911583469645
2021_1261_1438,0.340195653496088
2021_1261_1439,0.7444042638942726
2021_1261_1452,0.8956241533720973
2021_1261_1455,0.796309787116073
2021_1261_1457,0.8568889955136099
2021_1261_1458,0.9718897384502728
2021_1268_1276,0.6396803958185615
2021_1268_1277,0.44667002656321725
2021_1268_1281,0.8977821606537695
2021_1268_1287,0.6885094257472928
2021_1268_1291,0.955008473792883
2021_1268_1313,0.8736142597757757
2021_1268_1314,0.9871126763550153
2021_1268_1317,0.626706442638652
2021_1268_1325,0.7099156834369751
2021_1268_1326,0.2141980033474688
2021_1268_1328,0.8440284534130557
2021_1268_1329,0.5627496374194518
2021_1268_1331,0.528732162639601
2021_1268_1332,0.8346753513209699
2021_1268_1333,0.6791726814696477
2021_1268_1345,0.9622370520675322
2021_1268_1353,0.2628065950551109
2021_1268_1361,0.7059079940423271
2021_1268_1364,0.759663531120473
2021_1268_1382,0.8314036936155733
2021_1268_1393,0.6337217294841339
2021_1268_1397,0.6460178081487074
2021_1268_1400,0.7239917798410601
2021_1268_1403,0.2371246622081548
2021_1268_1411,0.1941200137130023
2021_1268_1417,0.756540024016669
2021_1268_1422,0.593198366762355
2021_1268_1425,0.6923941760156488
2021_1268_1429,0.7074340875172801
2021_1268_1433,0.8105583042967925
2021_1268_1437,0.4587499103395685
2021_1268_1438,0.08806596568746518
2021_1268_1439,0.29860560586720236
2021_1268_1452,0.5854838424648361
2021_1268_1455,0.45046451133765525
2021_1268_1457,0.48506261581976906
2021_1268_1458,0.8192428887816903
2021_1276_1277,0.3778309361612174
2021_1276_1281,0.8666736454927259
2021_1276_1287,0.5687711823847753
2021_1276_1291,0.9376616991579163
2021_1276_1313,0.8363324296762645
2021_1276_1314,0.9860630579077425
2021_1276_1317,0.412608595407559
2021_1276_1325,0.6132367038541607
2021_1276_1326,0.12895010468594564
2021_1276_1328,0.8044195935449854
2021_1276_1329,0.4397665137385919
2021_1276_1331,0.3946338474009201
2021_1276_1332,0.794274046237898
2021_1276_1333,0.4222278964728596
2021_1276_1345,0.9591017842609891
2021_1276_1353,0.15869958024656006
2021_1276_1361,0.5207492393174891
2021_1276_1364,0.6220604630344821
2021_1276_1382,0.7581823579461181
2021_1276_1393,0.4894495046149644
2021_1276_1397,0.4571971032635845
2021_1276_1400,0.5850743723097888
2021_1276_1403,0.14481156309812068
2021_1276_1411,0.07910962453875964
2021_1276_1417,0.6847073798261906
2021_1276_1422,0.41053041344742885
2021_1276_1425,0.5951040065293661
2021_1276_1429,0.5657377431434969
2021_1276_1433,0.7731647730191896
2021_1276_1437,0.32287375876457586
2021_1276_1438,0.04748072798322916
2021_1276_1439,0.20702758435675106
2021_1276_1452,0.4170889650306522
2021_1276_1455,0.2919575998991267
2021_1276_1457,0.31419190175059375
2021_1276_1458,0.7451518980769264
2021_1277_1281,0.9218145984121893
2021_1277_1287,0.7269901818225178
2021_1277_1291,0.9703580499552502
2021_1277_1313,0.8858792672142886
2021_1277_1314,0.9913026921085988
2021_1277_1317,0.5927168158084609
2021_1277_1325,0.7380201346335806
2021_1277_1326,0.2354144803268361
2021_1277_1328,0.8659430980351458
2021_1277_1329,0.5163901109322093
2021_1277_1331,0.4752843178771763
2021_1277_1332,0.8934516840831271
2021_1277_1333,0.5701067032694267
2021_1277_1345,0.9732875665286461
2021_1277_1353,0.2538973805678414
2021_1277_1361,0.6653462727152631
2021_1277_1364,0.7914631231720209
2021_1277_1382,0.8705074874632377
2021_1277_1393,0.650214719027068
2021_1277_1397,0.5904925127079751
2021_1277_1400,0.6768532882822982
2021_1277_1403,0.20818038556128765
2021_1277_1411,0.15536735032285653
2021_1277_1417,0.7871953290344702
2021_1277_1422,0.5810611492406463
2021_1277_1425,0.7690066256826582
2021_1277_1429,0.7589554774542367
2021_1277_1433,0.8343411750065005
2021_1277_1437,0.4303725219477399
2021_1277_1438,0.09213643648617315
2021_1277_1439,0.3156701076593874
2021_1277_1452,0.5321470195039144
2021_1277_1455,0.39434371999966517
2021_1277_1457,0.4617785733574065
2021_1277_1458,0.8483341968157098
2021_1281_1287,0.20467566895775832
2021_1281_1291,0.6577291745051503
2021_1281_1313,0.4362803040539793
2021_1281_1314,0.8907419466178722
2021_1281_1317,0.12979598015487723
2021_1281_1325,0.20429900457296363
2021_1281_1326,0.023013206766209986
2021_1281_1328,0.3434232761563698
2021_1281_1329,0.13597767340596215
2021_1281_1331,0.11736177159333935
2021_1281_1332,0.3905267252342856
2021_1281_1333,0.1609147837745378
2021_1281_1345,0.7256669324777341
2021_1281_1353,0.02155528645672372
2021_1281_1361,0.16935549969463265
2021_1281_1364,0.2506312492698217
2021_1281_1382,0.3505921683245846
2021_1281_1393,0.14304804944791172
2021_1281_1397,0.13108769996965636
2021_1281_1400,0.23269121712342347
2021_1281_1403,0.021233732955653013
2021_1281_1411,0.020959254443865757
2021_1281_1417,0.277498927899756
2021_1281_1422,0.13768897917789852
2021_1281_1425,0.1791285685092296
2021_1281_1429,0.18781922155547123
2021_1281_1433,0.3628607002798111
2021_1281_1437,0.06847426490254835
2021_1281_1438,0.005611698019430361
2021_1281_1439,0.03175003025121877
2021_1281_1452,0.13799998505203498
2021_1281_1455,0.038550730602174774
2021_1281_1457,0.08147199510493242
2021_1281_1458,0.32025409710409736
2021_1287_1291,0.8826147846578217
2021_1287_1313,0.7352460330031343
2021_1287_1314,0.9854426325318261
2021_1287_1317,0.3785901700796534
2021_1287_1325,0.4695882302511625
2021_1287_1326,0.10247951742328
2021_1287_1328,0.6497620287828717
2021_1287_1329,0.32370427514098227
2021_1287_1331,0.3192050216800993
2021_1287_1332,0.7364049350586024
2021_1287_1333,0.3853151031339284
2021_1287_1345,0.9310195839473107
2021_1287_1353,0.0864021786444727
2021_1287_1361,0.5172077039226326
2021_1287_1364,0.5681840705080685
2021_1287_1382,0.6983031047417195
2021_1287_1393,0.4490567020671698
2021_1287_1397,0.41912616239643596
2021_1287_1400,0.4962074966357048
2021_1287_1403,0.09134766944974677
2021_1287_1411,0.04945913074407666
2021_1287_1417,0.6170110958590646
2021_1287_1422,0.3820730704287949
2021_1287_1425,0.5044841854260926
2021_1287_1429,0.45973918827158944
2021_1287_1433,0.6619873188892487
2021_1287_1437,0.2839436738684602
2021_1287_1438,0.028753685293201003
2021_1287_1439,0.16300294207326033
2021_1287_1452,0.38521439207368763
2021_1287_1455,0.19110713671044813
2021_1287_1457,0.2904538131028488
2021_1287_1458,0.6125762043143611
2021_1291_1313,0.3109872284102042
2021_1291_1314,0.8569226257770005
2021_1291_1317,0.05179985865041754
2021_1291_1325,0.1156956112490533
2021_1291_1326,0.01142388489839307
2021_1291_1328,0.23021501872174469
2021_1291_1329,0.04893672414482427
2021_1291_1331,0.03973848859981296
2021_1291_1332,0.1875524012472696
2021_1291_1333,0.08858254338789417
2021_1291_1345,0.6267557473717056
2021_1291_1353,0.007638616267038484
2021_1291_1361,0.10851120851691812
2021_1291_1364,0.17571174830233954
2021_1291_1382,0.24132930237579894
2021_1291_1393,0.07415761932138866
2021_1291_1397,0.049509591482280735
2021_1291_1400,0.14459366932811557
2021_1291_1403,0.009767465718353397
2021_1291_1411,0.024052833122962466
2021_1291_1417,0.180565254183861
2021_1291_1422,0.053985127721058235
2021_1291_1425,0.09505763107360056
2021_1291_1429,0.15738934862089896
2021_1291_1433,0.22097894343474694
2021_1291_1437,0.04202768628122629
2021_1291_1438,0.00510915319085642
2021_1291_1439,0.01682098700491281
2021_1291_1452,0.06244010413254859
2021_1291_1455,0.040048634225988027
2021_1291_1457,0.03881518458608729
2021_1291_1458,0.2204755148466439
2021_1313_1314,0.9621261706857722
2021_1313_1317,0.17646723772376385
2021_1313_1325,0.23623685092169544
2021_1313_1326,0.030152265143353174
2021_1313_1328,0.45511004191101945
2021_1313_1329,0.14841721893094298
2021_1313_1331,0.12694564435771724
2021_1313_1332,0.42783906342461914
2021_1313_1333,0.19480968546996047
2021_1313_1345,0.840196917649879
2021_1313_1353,0.03798013231689423
2021_1313_1361,0.28951618164042664
2021_1313_1364,0.313895082699732
2021_1313_1382,0.4460909006995064
2021_1313_1393,0.18381402760873738
2021_1313_1397,0.19971407991223172
2021_1313_1400,0.29451560472821403
2021_1313_1403,0.03459120190518557
2021_1313_1411,0.02287491045551141
2021_1313_1417,0.3208557024576847
2021_1313_1422,0.18239594123486824
2021_1313_1425,0.24978348105647286
2021_1313_1429,0.2763043392138922
2021_1313_1433,0.4147469162055468
2021_1313_1437,0.1217959414593699
2021_1313_1438,0.007529146191455292
2021_1313_1439,0.058800662649150896
2021_1313_1452,0.16327331862038888
2021_1313_1455,0.08260528455091781
2021_1313_1457,0.11603004553011931
2021_1313_1458,0.3601971868129547
2021_1314_1317,0.0069295453479832425
2021_1314_1325,0.016114546914270823
2021_1314_1326,0.0040764734186574
2021_1314_1328,0.04041877916812532
2021_1314_1329,0.011023654983217125
2021_1314_1331,0.009131048330263751
2021_1314_1332,0.04103080091496066
2021_1314_1333,0.011225776294657947
2021_1314_1345,0.22110065923661057
2021_1314_1353,0.0057398017255392356
2021_1314_1361,0.024148091371931035
2021_1314_1364,0.026875913201704217
2021_1314_1382,0.03897326083526696
2021_1314_1393,0.011299480370718592
2021_1314_1397,0.011725883678030161
2021_1314_1400,0.0243932590789266
2021_1314_1403,0.005230878625846804
2021_1314_1411,0.004423119114519897
2021_1314_1417,0.02884636777062344
2021_1314_1422,0.008619827912047885
2021_1314_1425,0.015405469128407323
2021_1314_1429,0.019677622385689375
2021_1314_1433,0.04741225466769148
2021_1314_1437,0.0077010330901482755
2021_1314_1438,0.002693700756978158
2021_1314_1439,0.003298616375387815
2021_1314_1452,0.009863373852445559
2021_1314_1455,0.009266471284346262
2021_1314_1457,0.007554696027775097
2021_1314_1458,0.031415597764981436
2021_1317_1325,0.6632540955888573
2021_1317_1326,0.16676818368120092
2021_1317_1328,0.7863268558860885
2021_1317_1329,0.501733016961148
2021_1317_1331,0.47152214283658295
2021_1317_1332,0.8298229724212784
2021_1317_1333,0.598641540783631
2021_1317_1345,0.9734666603792154
2021_1317_1353,0.18190334621480153
2021_1317_1361,0.6392591407424467
2021_1317_1364,0.7453919538714638
2021_1317_1382,0.8133538841158808
2021_1317_1393,0.6357971246383466
2021_1317_1397,0.5781820844356552
2021_1317_1400,0.7011893426321074
2021_1317_1403,0.171706504276776
2021_1317_1411,0.15245746600142282
2021_1317_1417,0.7098231135983718
2021_1317_1422,0.5980917476877828
2021_1317_1425,0.6276935906214238
2021_1317_1429,0.5967397884378657
2021_1317_1433,0.8191058902722383
2021_1317_1437,0.49157843648984595
2021_1317_1438,0.06491188408745616
2021_1317_1439,0.31794518392072885
2021_1317_1452,0.528957928276696
2021_1317_1455,0.33070433361570645
2021_1317_1457,0.42572218729636535
2021_1317_1458,0.7555314431006482
2021_1325_1326,0.09392044923619296
2021_1325_1328,0.710592799157355
2021_1325_1329,0.3528992796722862
2021_1325_1331,0.33682241619274234
2021_1325_1332,0.708356046548456
2021_1325_1333,0.38371814592292586
2021_1325_1345,0.9321569360140928
2021_1325_1353,0.0975923464857468
2021_1325_1361,0.5270277145361234
2021_1325_1364,0.5461096702240127
2021_1325_1382,0.7299433596727509
2021_1325_1393,0.44918942276360574
2021_1325_1397,0.36347395149966993
2021_1325_1400,0.5423728680679446
2021_1325_1403,0.08010543188344725
2021_1325_1411,0.04832751717048804
2021_1325_1417,0.5837425287554218
2021_1325_1422,0.37569153914151787
2021_1325_1425,0.5141383595318716
2021_1325_1429,0.4834463745156298
2021_1325_1433,0.6893953638858028
2021_1325_1437,0.2937779872370291
2021_1325_1438,0.02494931756363816
2021_1325_1439,0.16326674480396713
2021_1325_1452,0.36436449213889716
2021_1325_1455,0.20143778582202873
2021_1325_1457,0.28649099674637246
2021_1325_1458,0.6239984810195218
2021_1326_1328,0.9571279869597756
2021_1326_1329,0.8500418507708581
2021_1326_1331,0.7430585781655586
2021_1326_1332,0.9682752566755963
2021_1326_1333,0.8572195981504088
2021_1326_1345,0.9920444632395369
2021_1326_1353,0.5967620116656641
2021_1326_1361,0.9119580684173264
2021_1326_1364,0.9509903600066846
2021_1326_1382,0.9664961366555179
2021_1326_1393,0.8819274065693872
2021_1326_1397,0.8468038860980687
2021_1326_1400,0.9301705116058476
2021_1326_1403,0.551800688313669
2021_1326_1411,0.43855767692433195
2021_1326_1417,0.9377734676971903
2021_1326_1422,0.8745811541474924
2021_1326_1425,0.9104370711175905
2021_1326_1429,0.8996818930542444
2021_1326_1433,0.9615184397172697
2021_1326_1437,0.7752758491862183
2021_1326_1438,0.24277038920273866
2021_1326_1439,0.6229350125226334
2021_1326_1452,0.8240341399951476
2021_1326_1455,0.6740660759507994
2021_1326_1457,0.7692818917121914
2021_1326_1458,0.9519725606726933
2021_1328_1329,0.21464251205563514
2021_1328_1331,0.1541926884794471
2021_1328_1332,0.5210283040053281
2021_1328_1333,0.25476322209820507
2021_1328_1345,0.8337701982640734
2021_1328_1353,0.04009969832152341
2021_1328_1361,0.28984363162060894
2021_1328_1364,0.4120637028120154
2021_1328_1382,0.4732322949235359
2021_1328_1393,0.30771488300015754
2021_1328_1397,0.24296547635107224
2021_1328_1400,0.3752699568627417
2021_1328_1403,0.05228698525520513
2021_1328_1411,0.04403121133338296
2021_1328_1417,0.4197598896566835
2021_1328_1422,0.2560514124976558
2021_1328_1425,0.31394251421423647
2021_1328_1429,0.2795767123017484
2021_1328_1433,0.4717046632193531
2021_1328_1437,0.1398507860099824
2021_1328_1438,0.013563661314036024
2021_1328_1439,0.09953815918735033
2021_1328_1452,0.1898956342101042
2021_1328_1455,0.05993208255467565
2021_1328_1457,0.17362320727835923
2021_1328_1458,0.4539107989783402
2021_1329_1331,0.41572760532369124
2021_1329_1332,0.8333404150224282
2021_1329_1333,0.550213867302478
2021_1329_1345,0.9538167297730175
2021_1329_1353,0.20637034523811865
2021_1329_1361,0.6265966389645357
2021_1329_1364,0.6720558016653968
2021_1329_1382,0.8074326209919492
2021_1329_1393,0.5842213799997072
2021_1329_1397,0.506094405471267
2021_1329_1400,0.6390071220537114
2021_1329_1403,0.18753802646069745
2021_1329_1411,0.12919472338554813
2021_1329_1417,0.7151461000225
2021_1329_1422,0.49133407554303815
2021_1329_1425,0.7021711845820584
2021_1329_1429,0.7038433625831072
2021_1329_1433,0.7753305808512073
2021_1329_1437,0.4116000072088093
2021_1329_1438,0.056539141882261355
2021_1329_1439,0.2448807766501967
2021_1329_1452,0.46329931760378085
2021_1329_1455,0.3305471861437284
2021_1329_1457,0.5155902167715405
2021_1329_1458,0.7919111900970413
2021_1331_1332,0.8502646231602862
2021_1331_1333,0.6019152529425557
2021_1331_1345,0.957697375135063
2021_1331_1353,0.26991767137543454
2021_1331_1361,0.7066866423385288
2021_1331_1364,0.7714649512473234
2021_1331_1382,0.8449895299703174
2021_1331_1393,0.7055580379614049
2021_1331_1397,0.5869021997915458
2021_1331_1400,0.7985074951618865
2021_1331_1403,0.2540723718242088
2021_1331_1411,0.16693020409912468
2021_1331_1417,0.7836049609600901
2021_1331_1422,0.6778040351270682
2021_1331_1425,0.7470122193563634
2021_1331_1429,0.7123134663505354
2021_1331_1433,0.8466752970264348
2021_1331_1437,0.45692543336657887
2021_1331_1438,0.07171215004887438
2021_1331_1439,0.29140901392147495
2021_1331_1452,0.5394394020322306
2021_1331_1455,0.39200612291154996
2021_1331_1457,0.5483964293977266
2021_1331_1458,0.8207799752544321
2021_1332_1333,0.20298575167506286
2021_1332_1345,0.851640270271028
2021_1332_1353,0.039709933221438926
2021_1332_1361,0.2492957831219658
2021_1332_1364,0.3765489667333217
2021_1332_1382,0.48095332442991867
2021_1332_1393,0.2166590350030823
2021_1332_1397,0.18692278318421354
2021_1332_1400,0.31940498039287496
2021_1332_1403,0.039834583761879636
2021_1332_1411,0.022988574657396305
2021_1332_1417,0.3378655333786335
2021_1332_1422,0.17966572074681145
2021_1332_1425,0.2712285331594611
2021_1332_1429,0.3552147652884844
2021_1332_1433,0.5062265086872659
2021_1332_1437,0.14192343919114303
2021_1332_1438,0.015925102762937727
2021_1332_1439,0.05159209408994511
2021_1332_1452,0.18943000246376487
2021_1332_1455,0.07470076494302363
2021_1332_1457,0.12141169189238632
2021_1332_1458,0.41584312157005615
2021_1333_1345,0.9605563654131012
2021_1333_1353,0.20531471421484057
2021_1333_1361,0.5791503641105867
2021_1333_1364,0.6643082422156915
2021_1333_1382,0.7681500941198707
2021_1333_1393,0.5262053972608243
2021_1333_1397,0.5034151581864417
2021_1333_1400,0.6042792752079212
2021_1333_1403,0.1750930181160861
2021_1333_1411,0.12721848395546256
2021_1333_1417,0.7408570122949947
2021_1333_1422,0.46045922922843874
2021_1333_1425,0.5867123909753573
2021_1333_1429,0.5948608560468094
2021_1333_1433,0.8159426980126513
2021_1333_1437,0.44222003919023656
2021_1333_1438,0.04870809214892061
2021_1333_1439,0.2308925567104703
2021_1333_1452,0.42591444954679064
2021_1333_1455,0.3035207684276634
2021_1333_1457,0.3655177721345685
2021_1333_1458,0.7423054748256117
2021_1345_1353,0.00910375029244564
2021_1345_1361,0.07667985322375401
2021_1345_1364,0.0853016782992172
2021_1345_1382,0.16966705583008906
2021_1345_1393,0.04830369211575024
2021_1345_1397,0.0389396668115789
2021_1345_1400,0.093789471788895
2021_1345_1403,0.010735898437701036
2021_1345_1411,0.010556732748534593
2021_1345_1417,0.1138087634699257
2021_1345_1422,0.032556410124586516
2021_1345_1425,0.06269267172483946
2021_1345_1429,0.06278121575418646
2021_1345_1433,0.1630729035840866
2021_1345_1437,0.025159966036262315
2021_1345_1438,0.002959947663152892
2021_1345_1439,0.012142472946894568
2021_1345_1452,0.031014655344758085
2021_1345_1455,0.01658955669714027
2021_1345_1457,0.026313798199106838
2021_1345_1458,0.12333708352014244
2021_1353_1361,0.8686075032689153
2021_1353_1364,0.9291772323488865
2021_1353_1382,0.9480453837175649
2021_1353_1393,0.8576384495801581
2021_1353_1397,0.8121828402533603
2021_1353_1400,0.9260604481672036
2021_1353_1403,0.4202329151100292
2021_1353_1411,0.33987494279977987
2021_1353_1417,0.910016576202909
2021_1353_1422,0.8440878748852718
2021_1353_1425,0.8759058295002347
2021_1353_1429,0.8874941457404922
2021_1353_1433,0.9496373067722594
2021_1353_1437,0.760433337568402
2021_1353_1438,0.23111542837956664
2021_1353_1439,0.5995135575068625
2021_1353_1452,0.7941515507196177
2021_1353_1455,0.637659779716544
2021_1353_1457,0.7710054859305495
2021_1353_1458,0.9562261972571039
2021_1361_1364,0.5485468932677825
2021_1361_1382,0.690562484972504
2021_1361_1393,0.3922378082728326
2021_1361_1397,0.38514705381318604
2021_1361_1400,0.5093930412557519
2021_1361_1403,0.10887742714406762
2021_1361_1411,0.06665160734157671
2021_1361_1417,0.5879206748353271
2021_1361_1422,0.3285831529558076
2021_1361_1425,0.5239829366338158
2021_1361_1429,0.47164403476602457
2021_1361_1433,0.6791761889601832
2021_1361_1437,0.28929870300639476
2021_1361_1438,0.03643423750936549
2021_1361_1439,0.14443399161253956
2021_1361_1452,0.3390938788615084
2021_1361_1455,0.23240047516418347
2021_1361_1457,0.25165182237283223
2021_1361_1458,0.7076919811161865
2021_1364_1382,0.621414691930677
2021_1364_1393,0.35519776196457065
2021_1364_1397,0.4073832206788597
2021_1364_1400,0.4483595762639869
2021_1364_1403,0.0905642714809853
2021_1364_1411,0.04659838343240822
2021_1364_1417,0.5741335226018436
2021_1364_1422,0.3276984654709828
2021_1364_1425,0.4028409107476877
2021_1364_1429,0.42118545307118227
2021_1364_1433,0.6990661285402152
2021_1364_1437,0.21653638272085352
2021_1364_1438,0.024954283330947034
2021_1364_1439,0.14031241952516957
2021_1364_1452,0.32312716142508524
2021_1364_1455,0.19256107707222467
2021_1364_1457,0.19892996934305374
2021_1364_1458,0.5409000357234817
2021_1382_1393,0.259526393979216
2021_1382_1397,0.20680638696580067
2021_1382_1400,0.4001576826742156
2021_1382_1403,0.04542826109393445
2021_1382_1411,0.03205602693083274
2021_1382_1417,0.3537748049490941
2021_1382_1422,0.181109064178338
2021_1382_1425,0.2476932766519026
2021_1382_1429,0.3304014809068912
2021_1382_1433,0.5112553836834618
2021_1382_1437,0.18092516275832643
2021_1382_1438,0.01607586666181479
2021_1382_1439,0.062365431820461524
2021_1382_1452,0.20487080740663638
2021_1382_1455,0.08097664517094139
2021_1382_1457,0.12543098866103614
2021_1382_1458,0.4321354604622077
2021_1393_1397,0.4554385541314336
2021_1393_1400,0.5763291215262376
2021_1393_1403,0.13196950436320806
2021_1393_1411,0.09201782628538985
2021_1393_1417,0.6346773723909886
2021_1393_1422,0.39890225322430045
2021_1393_1425,0.504416273480633
2021_1393_1429,0.540026932800147
2021_1393_1433,0.7730870129052261
2021_1393_1437,0.36268366398710833
2021_1393_1438,0.05308770754694692
2021_1393_1439,0.20334562213150598
2021_1393_1452,0.4215215866988928
2021_1393_1455,0.2666657391125269
2021_1393_1457,0.29487063416911247
2021_1393_1458,0.6570531109964544
2021_1397_1400,0.6058149753178744
2021_1397_1403,0.16284117620784713
2021_1397_1411,0.11681780288659345
2021_1397_1417,0.7368708467843347
2021_1397_1422,0.43501795597667964
2021_1397_1425,0.6602634415618698
2021_1397_1429,0.6183499581168541
2021_1397_1433,0.8155133924014639
2021_1397_1437,0.4026850610293839
2021_1397_1438,0.04979159396771241
2021_1397_1439,0.21414116131777727
2021_1397_1452,0.4382876911060464
2021_1397_1455,0.33493758877758223
2021_1397_1457,0.3388188380971123
2021_1397_1458,0.7906230776043992
2021_1400_1403,0.09305020822015643
2021_1400_1411,0.053253320360350964
2021_1400_1417,0.5864933905716054
2021_1400_1422,0.3956237961650339
2021_1400_1425,0.43915183121194634
2021_1400_1429,0.4473330731516528
2021_1400_1433,0.6858256665953276
2021_1400_1437,0.2973330771846938
2021_1400_1438,0.02709681704816016
2021_1400_1439,0.1732296295328929
2021_1400_1452,0.3455077634036865
2021_1400_1455,0.19912175964514153
2021_1400_1457,0.25236440731386117
2021_1400_1458,0.6124575258378514
2021_1403_1411,0.39608970088578266
2021_1403_1417,0.9119632348609805
2021_1403_1422,0.8189919639666302
2021_1403_1425,0.8757593440915981
2021_1403_1429,0.9088607615334594
2021_1403_1433,0.951839174208044
2021_1403_1437,0.7334392266751151
2021_1403_1438,0.26182808396096396
2021_1403_1439,0.6128193323046079
2021_1403_1452,0.8035258068587228
2021_1403_1455,0.668151439245987
2021_1403_1457,0.7862275765627583
2021_1403_1458,0.9511400830902869
2021_1411_1417,0.9503158885002567
2021_1411_1422,0.8845670607113314
2021_1411_1425,0.9354376536941482
2021_1411_1429,0.9395879196515567
2021_1411_1433,0.9694403786858142
2021_1411_1437,0.8166294316990659
2021_1411_1438,0.32670430572364684
2021_1411_1439,0.6770778990627309
2021_1411_1452,0.864842457957972
2021_1411_1455,0.769392734179872
2021_1411_1457,0.8597536640035466
2021_1411_1458,0.9491090844489828
2021_1417_1422,0.30682937042940883
2021_1417_1425,0.39719149598983167
2021_1417_1429,0.4457269512393081
2021_1417_1433,0.5991448585681001
2021_1417_1437,0.2106159183351009
2021_1417_1438,0.016828517555653108
2021_1417_1439,0.11049412442168426
2021_1417_1452,0.3255010902721093
2021_1417_1455,0.16074582532214837
2021_1417_1457,0.19860958993780012
2021_1417_1458,0.5529983780329696
2021_1422_1425,0.6004119866603015
2021_1422_1429,0.5510094332661827
2021_1422_1433,0.8358521857125295
2021_1422_1437,0.4672171807782287
2021_1422_1438,0.059816479782245156
2021_1422_1439,0.24491008320195218
2021_1422_1452,0.48313901981507507
2021_1422_1455,0.3100865892896712
2021_1422_1457,0.3513700930726787
2021_1422_1458,0.7262443697052835
2021_1425_1429,0.47875829721524865
2021_1425_1433,0.6739697507792873
2021_1425_1437,0.31363830069594484
2021_1425_1438,0.03948578203099948
2021_1425_1439,0.15671429854373067
2021_1425_1452,0.3877130704086088
2021_1425_1455,0.1956382661640818
2021_1425_1457,0.26154025348339616
2021_1425_1458,0.6564796274096334
2021_1429_1433,0.7290777608129336
2021_1429_1437,0.2841864152502693
2021_1429_1438,0.02844445138506114
2021_1429_1439,0.16870754643311964
2021_1429_1452,0.38495631075065584
2021_1429_1455,0.1880521607979947
2021_1429_1457,0.30315855541763675
2021_1429_1458,0.6781241164586167
2021_1433_1437,0.11085174125454741
2021_1433_1438,0.012375536450892122
2021_1433_1439,0.0619571096103695
2021_1433_1452,0.1984199667978764
2021_1433_1455,0.10748248015258582
2021_1433_1457,0.15757494362802446
2021_1433_1458,0.5254296548503548
2021_1437_1438,0.09703300951039075
2021_1437_1439,0.38197666339613773
2021_1437_1452,0.5151510241211551
2021_1437_1455,0.36877956584278193
2021_1437_1457,0.4902820096245942
2021_1437_1458,0.8482657931372773
2021_1438_1439,0.8209242771712756
2021_1438_1452,0.9284523761035399
2021_1438_1455,0.8777944561913742
2021_1438_1457,0.9221284866508769
2021_1438_1458,0.9812732529075224
2021_1439_1452,0.7631279334717701
2021_1439_1455,0.620435889404985
2021_1439_1457,0.6559752476842835
2021_1439_1458,0.9236791769334487
2021_1452_1455,0.3761030910253824
2021_1452_1457,0.3700237745288659
2021_1452_1458,0.7430620115721496
2021_1455_1457,0.6582300803418563
2021_1455_1458,0.89693512272812
2021_1457_1458,0.7971819412697951
